Project_ID,Project_Type,Team_Size,Team_Experience,Estimated_Hours,Actual_Hours,Schedule_Variance,Budget_Allocated,Budget_Usage_Percent,Resource_Cost,Utilization_Percent,Tasks_Completed_Percent,Issues_Reported,Attrition,Risk_Level,Outcome
PRJ-0001,Automation,15,Medium,1049,1088,39,133100,100.9,68820.0,54.2,83.6,2.0,0,Low,On-time
PRJ-0002,Infrastructure,11,High,1321,1370,49,202000,95.8,76390.0,68.2,75.0,3.0,0,Low,Delayed
PRJ-0003,Automation,11,Medium,988,999,11,153000,71.2,64670.0,77.5,65.9,,1,Medium,Delayed
PRJ-0004,R&D,16,Medium,1290,1616,326,174500,133.7,85170.0,80.3,45.8,11.0,0,High,Delayed
PRJ-0005,Product,3,Medium,907,1111,204,117900,88.8,38470.0,57.1,68.4,7.0,0,Medium,Delayed
PRJ-0006,Process Improvement,6,Medium,446,500,54,51000,125.5,18850.0,72.0,76.5,2.0,0,Medium,Delayed
PRJ-0007,Automation,5,High,750,906,156,100800,,36080.0,84.0,86.0,0.0,0,Low,On-time
PRJ-0008,Automation,3,Medium,563,731,168,57500,89.0,32540.0,76.4,77.7,6.0,0,Medium,Delayed
PRJ-0009,Product,9,Low,866,1205,339,118200,77.2,39880.0,67.2,68.9,10.0,0,High,Delayed
PRJ-0010,Infrastructure,16,High,1093,1372,279,164000,100.7,77930.0,75.7,77.6,4.0,0,Medium,On-time
PRJ-0011,Infrastructure,11,High,1114,1319,205,174200,83.8,83320.0,71.1,81.0,8.0,0,Medium,Delayed
PRJ-0012,Process Improvement,13,High,568,666,98,45800,85.1,22150.0,83.3,88.8,9.0,0,Medium,Delayed
PRJ-0013,R&D,17,Low,1561,2081,520,249500,89.7,115140.0,75.0,64.1,,0,High,Delayed
PRJ-0014,Automation,19,Low,1297,1585,288,112400,118.9,49180.0,80.5,69.8,,0,High,Delayed
PRJ-0015,Infrastructure,12,Medium,1074,1487,413,164400,121.2,73780.0,75.3,61.4,18.0,0,High,Delayed
PRJ-0016,Product,19,,1301,1546,245,183300,131.6,90620.0,82.4,59.8,8.0,0,High,Delayed
PRJ-0017,R&D,12,High,1183,1440,257,185100,,88090.0,78.9,77.9,8.0,1,High,Delayed
PRJ-0018,Product,8,Medium,805,959,154,80500,108.9,,79.4,61.7,12.0,0,High,On-time
PRJ-0019,Automation,9,Medium,858,940,82,112300,84.1,56570.0,80.9,76.2,,0,Medium,Delayed
PRJ-0020,R&D,5,High,1020,1145,125,174300,92.7,68270.0,65.8,79.5,6.0,0,Low,On-time
PRJ-0021,Automation,8,Medium,939,1047,108,95400,93.1,36390.0,53.5,69.6,6.0,0,Medium,Delayed
PRJ-0022,Infrastructure,10,Medium,1042,1217,175,149700,115.0,81910.0,88.2,62.1,15.0,0,High,Delayed
PRJ-0023,Process Improvement,16,Medium,980,970,-10,68300,113.7,30830.0,79.0,67.9,5.0,0,Medium,On-time
PRJ-0024,Automation,21,Medium,1197,1230,33,115500,112.5,49900.0,62.3,55.1,4.0,0,Medium,Delayed
PRJ-0025,Automation,5,Medium,720,721,1,75500,87.7,24990.0,62.7,78.6,5.0,0,Low,On-time
PRJ-0026,Product,14,Medium,1036,1173,137,162000,113.5,78570.0,82.9,76.8,5.0,0,Medium,On-time
PRJ-0027,Infrastructure,7,High,989,1076,87,134100,,55540.0,72.2,90.2,5.0,0,Low,On-time
PRJ-0028,Product,14,Medium,1076,1301,225,155700,95.9,65330.0,70.1,66.8,6.0,0,Medium,Delayed
PRJ-0029,Product,11,Low,885,1149,264,107400,97.2,37990.0,83.4,,9.0,0,High,Delayed
PRJ-0030,R&D,3,Medium,1034,1208,174,173700,90.8,57550.0,58.1,70.2,4.0,0,Medium,Delayed
PRJ-0031,Automation,17,Medium,1123,1370,247,125300,126.6,61100.0,69.0,61.1,8.0,0,High,Delayed
PRJ-0032,Process Improvement,9,,686,834,148,69800,108.7,30540.0,70.3,57.3,6.0,0,High,Delayed
PRJ-0033,Infrastructure,9,Low,1249,1694,445,172300,,81940.0,72.1,45.2,10.0,0,High,Delayed
PRJ-0034,Infrastructure,7,Medium,1169,1359,190,134000,95.8,70330.0,76.0,92.4,5.0,0,Medium,On-time
PRJ-0035,Infrastructure,9,Medium,1020,1336,316,121300,141.8,60480.0,81.3,83.3,14.0,0,High,Delayed
PRJ-0036,Product,14,,1135,1339,204,137900,115.7,76230.0,81.2,86.4,6.0,0,Medium,Delayed
PRJ-0037,Product,11,Low,910,895,-15,97600,94.3,48800.0,,58.4,6.0,0,Medium,Delayed
PRJ-0038,Infrastructure,14,Low,1243,1605,362,197900,106.9,100130.0,68.6,85.3,13.0,0,High,Delayed
PRJ-0039,Product,14,Medium,1018,1080,62,125000,95.6,70960.0,75.8,70.6,4.0,0,Medium,Delayed
PRJ-0040,R&D,19,High,1709,2132,423,375500,103.9,,83.3,72.0,11.0,0,High,Delayed
PRJ-0041,Infrastructure,10,Low,1144,1579,435,126900,99.1,59540.0,71.0,82.4,11.0,0,High,Delayed
PRJ-0042,Automation,5,Low,599,621,22,70400,113.2,27570.0,73.5,74.7,9.0,0,High,Delayed
PRJ-0043,Automation,17,Low,1188,1527,339,112500,125.6,55730.0,78.6,94.8,7.0,0,High,Delayed
PRJ-0044,Infrastructure,10,Medium,840,952,112,116700,87.4,49110.0,73.2,71.4,12.0,0,Medium,Delayed
PRJ-0045,Automation,18,Medium,838,836,-2,97600,,50540.0,69.5,69.2,5.0,0,Low,Delayed
PRJ-0046,Automation,14,Low,1036,1166,130,76900,95.8,30670.0,71.9,63.5,4.0,0,Medium,Delayed
PRJ-0047,Infrastructure,11,Low,1142,1474,332,177400,108.1,75630.0,69.1,39.4,8.0,1,High,Delayed
PRJ-0048,Product,14,Medium,1120,1043,-77,190000,124.8,75000.0,77.1,73.1,2.0,0,Medium,On-time
PRJ-0049,R&D,22,High,1461,1732,271,220600,119.4,139150.0,96.0,86.9,6.0,1,High,Delayed
PRJ-0050,Product,22,Medium,1367,1531,164,187500,111.8,95390.0,74.8,82.0,4.0,0,Medium,On-time
PRJ-0051,Product,12,Medium,1260,1498,238,191900,96.7,92500.0,78.2,73.4,6.0,0,Medium,On-time
PRJ-0052,Product,13,Low,1154,1703,549,148600,113.9,81090.0,81.3,45.3,21.0,0,High,On-time
PRJ-0053,Automation,17,Low,1065,1314,249,110800,86.8,55580.0,74.0,,9.0,0,High,Delayed
PRJ-0054,R&D,8,Medium,1077,1534,457,114900,130.1,66030.0,95.0,69.8,18.0,1,High,Delayed
PRJ-0055,Automation,14,Medium,893,1117,224,111600,106.4,43060.0,71.4,79.2,5.0,0,Medium,Delayed
PRJ-0056,Automation,12,High,614,393,-221,68800,111.8,48300.0,81.2,84.4,2.0,0,Low,On-time
PRJ-0057,Infrastructure,14,,1271,1237,-34,161700,91.7,81060.0,71.2,72.0,3.0,0,Low,Delayed
PRJ-0058,R&D,8,High,1231,1391,160,203200,97.2,87580.0,72.1,88.0,8.0,0,Medium,On-time
PRJ-0059,Product,4,High,551,524,-27,66400,98.9,36560.0,75.7,42.4,,0,Medium,On-time
PRJ-0060,Product,3,High,626,599,-27,76100,105.4,24460.0,81.1,87.8,1.0,0,Low,Delayed
PRJ-0061,R&D,6,Low,921,1252,331,162800,92.8,64030.0,69.6,92.0,16.0,0,High,Delayed
PRJ-0062,Infrastructure,10,Low,984,1209,225,118000,118.3,64160.0,81.4,47.9,10.0,0,High,Delayed
PRJ-0063,R&D,11,Medium,1241,1532,291,232600,104.6,91020.0,72.5,66.3,11.0,0,High,Delayed
PRJ-0064,Automation,22,Medium,970,1139,169,87400,85.6,,76.7,73.1,6.0,0,Medium,On-time
PRJ-0065,R&D,18,Low,1554,2146,592,226700,84.2,129500.0,96.0,55.6,16.0,0,High,Delayed
PRJ-0066,R&D,7,,1185,1398,213,247300,106.2,121290.0,78.9,83.2,9.0,1,High,Delayed
PRJ-0067,R&D,14,Medium,1310,1506,196,248100,122.5,100860.0,68.0,77.3,8.0,0,High,Delayed
PRJ-0068,Infrastructure,10,Medium,802,914,112,122100,124.7,,65.9,74.2,7.0,0,High,Delayed
PRJ-0069,Product,11,Low,865,925,60,98100,112.1,36190.0,60.0,76.4,9.0,0,High,Delayed
PRJ-0070,Infrastructure,13,Low,1353,1918,565,186800,145.0,86380.0,80.0,57.8,13.0,1,High,On-time
PRJ-0071,Product,15,Low,792,986,194,105700,114.5,40110.0,68.2,99.0,9.0,1,High,Delayed
PRJ-0072,Infrastructure,10,High,1058,1275,217,159600,111.6,65440.0,78.1,80.2,7.0,0,Medium,Delayed
PRJ-0073,Automation,17,Medium,903,1041,138,101500,,52480.0,,76.3,5.0,0,Medium,Delayed
PRJ-0074,Product,6,Medium,907,1115,208,119200,92.3,43920.0,,53.5,5.0,0,Medium,On-time
PRJ-0075,Product,12,Medium,939,1039,100,120000,93.6,56230.0,65.5,64.3,9.0,0,Medium,On-time
PRJ-0076,Product,25,Medium,1523,1737,214,157600,73.4,,71.0,85.4,8.0,0,Low,On-time
PRJ-0077,Product,13,,1123,1159,36,136800,117.5,56190.0,76.8,58.0,,0,Medium,Delayed
PRJ-0078,R&D,19,Medium,1735,2272,537,319600,,164870.0,84.2,40.1,15.0,0,High,Delayed
PRJ-0079,R&D,12,Medium,1246,1628,382,160400,93.7,76600.0,77.3,69.6,11.0,0,High,Delayed
PRJ-0080,Automation,15,Low,1020,1353,333,113000,,48040.0,63.7,84.0,8.0,0,High,Delayed
PRJ-0081,R&D,12,High,1092,1257,165,155200,106.1,75710.0,84.8,70.5,10.0,1,High,Delayed
PRJ-0082,Infrastructure,11,Low,1278,1554,276,194900,131.8,84820.0,62.0,62.8,9.0,0,High,Delayed
PRJ-0083,Automation,8,High,639,651,12,68600,123.1,35790.0,70.4,60.1,2.0,0,Medium,On-time
PRJ-0084,Product,14,Low,1023,1373,350,165000,86.5,68840.0,61.8,69.8,12.0,0,High,On-time
PRJ-0085,Product,8,Low,877,993,116,124600,104.8,49260.0,80.6,72.3,12.0,0,High,Delayed
PRJ-0086,Product,15,High,937,893,-44,99300,82.0,50970.0,86.1,58.6,5.0,0,Low,On-time
PRJ-0087,Automation,17,Low,1072,1358,286,134500,120.9,70170.0,79.0,,9.0,0,High,Delayed
PRJ-0088,Infrastructure,14,Medium,1356,1309,-47,179800,102.6,81680.0,,84.0,4.0,0,Medium,On-time
PRJ-0089,Product,11,Medium,1020,1188,168,123000,95.1,57430.0,96.0,83.6,,0,High,Delayed
PRJ-0090,Infrastructure,14,Low,1049,1243,194,164800,110.7,62280.0,54.1,72.6,3.0,1,High,Delayed
PRJ-0091,Product,10,Medium,935,1024,89,114300,91.0,46220.0,65.4,83.4,3.0,0,Low,On-time
PRJ-0092,R&D,17,High,1534,1753,219,281800,,132120.0,74.8,83.0,9.0,0,High,On-time
PRJ-0093,Infrastructure,3,High,630,670,40,83500,106.0,35520.0,64.1,88.8,7.0,0,Low,On-time
PRJ-0094,Infrastructure,10,Medium,971,1122,151,132100,107.1,43200.0,62.0,53.8,3.0,0,Medium,On-time
PRJ-0095,Infrastructure,3,Medium,960,1165,205,129800,70.2,38380.0,65.6,,5.0,1,Medium,Delayed
PRJ-0096,R&D,5,Low,1057,1203,146,156700,,52800.0,53.6,60.4,6.0,0,High,Delayed
PRJ-0097,Infrastructure,19,,1464,1790,326,255800,135.4,,77.6,,8.0,0,High,Delayed
PRJ-0098,Product,16,Low,1383,1975,592,199800,138.2,85390.0,,61.5,14.0,1,High,Delayed
PRJ-0099,Product,8,High,936,1083,147,155200,67.9,65770.0,80.4,86.3,2.0,0,Low,On-time
PRJ-0100,Process Improvement,4,High,519,608,89,62600,91.2,23620.0,78.3,94.2,4.0,0,Low,On-time
PRJ-0101,Process Improvement,3,Medium,730,856,126,55500,80.0,19740.0,74.6,90.2,2.0,0,Low,On-time
PRJ-0102,R&D,9,Medium,1139,1416,277,186500,136.0,,68.5,53.5,,1,High,Delayed
PRJ-0103,Product,24,Medium,1344,1463,119,146100,103.8,82190.0,96.0,76.1,,0,Medium,Delayed
PRJ-0104,Process Improvement,14,Medium,841,953,112,66900,90.6,41480.0,77.5,62.2,7.0,0,Medium,Delayed
PRJ-0105,Automation,9,Medium,818,840,22,84400,97.3,34810.0,53.6,74.1,2.0,0,Low,Delayed
PRJ-0106,Automation,14,Medium,877,919,42,84100,64.8,31720.0,65.2,,7.0,0,Low,Delayed
PRJ-0107,Infrastructure,4,Low,766,1024,258,96800,,32310.0,47.8,29.1,5.0,0,High,Delayed
PRJ-0108,Product,11,Low,1262,1598,336,163000,106.7,71680.0,69.6,96.5,8.0,0,High,Delayed
PRJ-0109,Product,12,High,1059,1193,134,114300,111.9,60750.0,76.8,,,0,Medium,On-time
PRJ-0110,Process Improvement,12,Medium,632,713,81,64100,69.6,24300.0,69.3,69.3,2.0,0,Low,On-time
PRJ-0111,Infrastructure,16,High,1420,1679,259,183700,101.0,104920.0,96.0,95.5,7.0,1,Medium,Delayed
PRJ-0112,Product,14,Low,1077,1516,439,202100,131.0,96090.0,76.7,,11.0,1,High,Delayed
PRJ-0113,Infrastructure,15,Medium,1245,1237,-8,174100,78.3,96620.0,83.1,76.4,4.0,0,Low,On-time
PRJ-0114,R&D,9,Low,1232,1602,370,201700,113.0,87190.0,58.9,58.6,12.0,0,High,Delayed
PRJ-0115,Product,16,Low,1005,1211,206,106900,107.1,48660.0,62.4,87.4,,0,High,Delayed
PRJ-0116,Automation,20,Low,1192,1505,313,170700,130.2,84600.0,,66.3,8.0,0,High,Delayed
PRJ-0117,Automation,7,Low,925,1017,92,123200,100.3,53570.0,68.7,71.8,5.0,0,Medium,Delayed
PRJ-0118,Automation,8,High,786,578,-208,93600,90.5,34300.0,57.0,97.6,1.0,0,Low,Delayed
PRJ-0119,Infrastructure,19,Medium,1370,1530,160,164000,115.1,,76.4,77.8,9.0,0,High,Delayed
PRJ-0120,R&D,11,Medium,1174,1314,140,196200,81.8,88110.0,73.5,72.5,6.0,0,Medium,On-time
PRJ-0121,R&D,19,Medium,1466,1823,357,197500,102.7,96510.0,76.0,81.7,12.0,0,High,Delayed
PRJ-0122,R&D,10,Medium,1170,1468,298,231100,94.9,92710.0,64.7,100.0,7.0,0,Medium,Delayed
PRJ-0123,Product,19,Medium,1220,1364,144,180600,96.7,81040.0,,78.6,4.0,0,Medium,Delayed
PRJ-0124,Infrastructure,13,Low,1315,1883,568,200100,127.1,92540.0,68.8,61.0,18.0,0,High,Delayed
PRJ-0125,Product,13,High,847,955,108,70900,107.0,28450.0,79.5,79.6,8.0,0,Medium,Delayed
PRJ-0126,Infrastructure,20,High,1553,1781,228,198600,86.9,115650.0,88.8,94.9,6.0,0,Low,On-time
PRJ-0127,Infrastructure,10,Medium,1054,1255,201,174400,106.8,73700.0,83.6,62.0,11.0,0,High,Delayed
PRJ-0128,Product,7,Medium,890,954,64,138900,119.5,57260.0,68.1,71.5,4.0,0,Medium,Delayed
PRJ-0129,Product,10,Low,815,996,181,125500,103.5,59260.0,64.2,42.4,9.0,1,High,Delayed
PRJ-0130,R&D,14,High,1499,1891,392,184800,,77450.0,,61.8,10.0,0,High,Delayed
PRJ-0131,Product,4,Medium,889,980,91,122700,,63410.0,75.3,69.4,3.0,0,Medium,Delayed
PRJ-0132,Process Improvement,15,Low,940,991,51,97500,100.8,41350.0,67.5,70.9,3.0,0,Medium,On-time
PRJ-0133,R&D,9,Medium,983,1210,227,119600,88.3,55250.0,80.1,86.0,9.0,1,High,Delayed
PRJ-0134,Infrastructure,18,High,1479,1682,203,221600,,123870.0,91.4,84.8,7.0,0,Medium,Delayed
PRJ-0135,R&D,3,Medium,1004,1309,305,169300,97.7,76250.0,81.5,55.1,15.0,0,High,Delayed
PRJ-0136,Product,8,Medium,687,750,63,86600,115.7,,89.4,63.7,7.0,0,High,Delayed
PRJ-0137,Process Improvement,4,High,437,380,-57,28400,84.2,17200.0,64.5,99.7,1.0,0,Low,On-time
PRJ-0138,Infrastructure,8,Low,1074,1589,515,153200,108.2,66350.0,67.7,71.5,20.0,0,High,Delayed
PRJ-0139,Automation,13,,972,1050,78,105400,115.3,61420.0,78.7,78.7,7.0,0,Medium,On-time
PRJ-0140,Product,11,Medium,1006,1204,198,129800,118.8,60920.0,72.4,63.9,11.0,0,High,Delayed
PRJ-0141,Infrastructure,11,Medium,1170,1133,-37,160700,100.6,81340.0,66.9,89.1,3.0,0,Low,On-time
PRJ-0142,Infrastructure,11,Low,1312,1597,285,183700,116.0,77410.0,,56.5,7.0,0,High,Delayed
PRJ-0143,Process Improvement,13,High,902,969,67,80700,,26720.0,,83.9,6.0,0,Low,On-time
PRJ-0144,R&D,7,Medium,751,936,185,129700,,,63.3,94.1,14.0,0,High,On-time
PRJ-0145,Infrastructure,16,Low,1272,1728,456,182100,107.6,82930.0,73.3,,11.0,1,High,Delayed
PRJ-0146,Product,15,Medium,1105,1243,138,136900,110.4,71830.0,67.9,66.3,,0,Medium,On-time
PRJ-0147,Infrastructure,14,Low,1030,1284,254,156600,95.6,66670.0,60.2,73.3,,0,High,Delayed
PRJ-0148,R&D,15,Low,1386,1888,502,159800,131.5,82370.0,74.1,58.0,13.0,0,High,Delayed
PRJ-0149,Infrastructure,13,Medium,1355,1642,287,217800,99.6,97090.0,76.1,53.3,10.0,0,High,Delayed
PRJ-0150,Product,22,Medium,1240,1568,328,163700,108.8,94000.0,85.8,74.4,15.0,0,High,Delayed
PRJ-0151,Automation,12,High,910,890,-20,104400,107.1,52640.0,96.0,93.4,5.0,0,Low,On-time
PRJ-0152,Automation,10,Medium,690,730,40,90000,,50480.0,75.6,69.5,6.0,0,Medium,Delayed
PRJ-0153,Product,8,Medium,799,969,170,74600,99.8,35490.0,76.5,65.5,10.0,0,High,On-time
PRJ-0154,R&D,7,Medium,1272,1435,163,145100,101.8,61600.0,60.2,60.1,8.0,0,Medium,Delayed
PRJ-0155,Product,6,Medium,745,783,38,102400,109.3,23670.0,57.5,74.6,2.0,0,Low,On-time
PRJ-0156,R&D,8,Medium,1185,1287,102,191800,92.0,89630.0,87.4,65.7,7.0,0,Medium,Delayed
PRJ-0157,Product,12,,795,771,-24,107600,98.6,48550.0,64.8,61.1,,0,Medium,On-time
PRJ-0158,R&D,14,High,1563,1800,237,235700,98.4,107610.0,68.8,100.0,7.0,0,Low,On-time
PRJ-0159,Automation,12,Medium,942,1036,94,118100,113.4,59720.0,73.6,78.0,7.0,0,Medium,Delayed
PRJ-0160,Automation,8,Low,708,805,97,92000,105.7,35170.0,66.7,,9.0,0,High,On-time
PRJ-0161,Product,17,Medium,1264,1252,-12,179000,123.0,83730.0,68.0,86.2,3.0,0,Medium,On-time
PRJ-0162,Process Improvement,16,High,691,746,55,59800,,36870.0,77.4,90.9,3.0,0,Low,On-time
PRJ-0163,Product,11,Low,1127,1632,505,101700,108.3,33100.0,81.7,57.8,14.0,0,High,On-time
PRJ-0164,Product,9,Medium,876,896,20,129000,95.3,56240.0,64.1,78.9,3.0,0,Low,On-time
PRJ-0165,R&D,15,High,1351,1401,50,259000,77.2,113780.0,65.9,,4.0,0,Low,On-time
PRJ-0166,Infrastructure,13,Medium,1146,1461,315,188500,89.5,86430.0,84.0,75.3,10.0,0,High,Delayed
PRJ-0167,Automation,5,High,555,449,-106,54900,89.1,25580.0,78.7,84.1,5.0,0,Low,Delayed
PRJ-0168,Automation,12,,953,1152,199,119600,112.7,60050.0,67.8,71.8,2.0,0,Medium,On-time
PRJ-0169,Infrastructure,13,Medium,1236,1580,344,209300,99.0,93490.0,58.8,,5.0,0,Medium,Delayed
PRJ-0170,Process Improvement,8,Medium,658,537,-121,73100,99.8,28410.0,64.2,70.6,4.0,1,Low,On-time
PRJ-0171,Product,13,High,1054,1120,66,120800,113.7,62750.0,78.1,77.5,5.0,0,Medium,Delayed
PRJ-0172,Infrastructure,5,Medium,987,1056,69,143000,121.2,67780.0,81.5,51.3,5.0,0,High,Delayed
PRJ-0173,Product,19,Medium,1215,1267,52,178400,115.3,84600.0,67.8,81.7,,0,Medium,Delayed
PRJ-0174,Process Improvement,18,Medium,1198,1500,302,108700,,49670.0,,78.4,14.0,0,High,Delayed
PRJ-0175,Product,11,Medium,797,1085,288,87600,100.7,,80.2,97.1,,0,High,Delayed
PRJ-0176,Product,14,Medium,1241,1339,98,174000,124.0,,51.4,70.1,4.0,0,Medium,Delayed
PRJ-0177,Infrastructure,3,Medium,1019,1121,102,166100,105.6,68610.0,78.9,65.1,8.0,0,High,Delayed
PRJ-0178,Process Improvement,6,High,408,393,-15,37200,89.2,8000.0,62.6,69.9,1.0,0,Low,On-time
PRJ-0179,Automation,11,Medium,1103,1277,174,129900,110.5,,76.7,75.7,6.0,0,Medium,Delayed
PRJ-0180,Automation,7,Medium,814,784,-30,89200,112.7,43090.0,73.5,77.2,,0,Medium,On-time
PRJ-0181,Automation,16,Medium,1127,1288,161,157000,97.8,,87.2,,12.0,0,High,Delayed
PRJ-0182,Automation,22,Medium,1223,1694,471,120600,114.2,68300.0,85.5,62.7,9.0,1,High,Delayed
PRJ-0183,Infrastructure,6,Medium,934,984,50,127800,111.6,,46.6,51.1,4.0,0,Medium,Delayed
PRJ-0184,Infrastructure,8,Low,1005,1185,180,151000,89.1,49990.0,,79.5,7.0,0,Medium,Delayed
PRJ-0185,Automation,13,Low,952,1039,87,122800,101.9,55460.0,72.0,62.4,3.0,0,Medium,Delayed
PRJ-0186,R&D,20,Medium,1718,2117,399,215800,88.4,109100.0,76.9,69.6,10.0,0,High,Delayed
PRJ-0187,Infrastructure,6,Medium,982,1346,364,118300,90.2,52340.0,75.2,52.9,10.0,0,High,Delayed
PRJ-0188,Product,13,Medium,946,1195,249,86700,96.1,50150.0,82.5,63.0,10.0,0,High,Delayed
PRJ-0189,Automation,21,Low,1284,1583,299,147100,117.4,69400.0,81.5,60.2,13.0,0,High,Delayed
PRJ-0190,Product,4,Medium,851,862,11,93500,96.8,,67.1,72.3,7.0,0,Medium,Delayed
PRJ-0191,Process Improvement,6,Low,589,610,21,50000,91.7,23690.0,47.9,78.2,2.0,0,Low,On-time
PRJ-0192,Product,10,Medium,1039,1163,124,150800,,62820.0,68.2,89.7,7.0,0,Medium,On-time
PRJ-0193,Product,9,High,882,753,-129,105200,77.7,46990.0,80.4,91.2,2.0,0,Low,On-time
PRJ-0194,Automation,16,Low,899,1045,146,106000,106.8,49410.0,61.5,83.9,2.0,0,Medium,On-time
PRJ-0195,Product,13,Medium,951,1016,65,119900,118.0,59880.0,80.9,89.0,8.0,0,Medium,Delayed
PRJ-0196,Product,3,Low,509,778,269,74000,108.7,,73.7,,12.0,0,High,Delayed
PRJ-0197,R&D,15,Low,1403,1886,483,243500,104.3,117920.0,73.1,66.4,9.0,0,High,Delayed
PRJ-0198,Automation,9,Low,755,924,169,77100,113.2,20530.0,45.0,78.1,10.0,0,High,Delayed
PRJ-0199,Product,18,Medium,1177,1377,200,151400,72.9,,64.8,,7.0,0,Low,On-time
PRJ-0200,Infrastructure,9,,710,739,29,123200,110.6,,91.1,78.6,9.0,0,High,Delayed
PRJ-0201,Automation,9,High,615,704,89,74200,139.0,32830.0,70.7,63.3,4.0,0,High,Delayed
PRJ-0202,Process Improvement,15,Low,960,1126,166,68300,108.9,18020.0,52.0,54.7,4.0,1,High,Delayed
PRJ-0203,Infrastructure,16,Medium,1230,1401,171,202600,102.3,105090.0,88.8,66.7,10.0,0,High,Delayed
PRJ-0204,Product,14,Medium,1133,1200,67,125200,109.0,60100.0,75.3,84.2,,0,Medium,On-time
PRJ-0205,Product,4,High,573,576,3,91700,119.5,32600.0,84.2,79.7,5.0,0,Medium,Delayed
PRJ-0206,Product,15,Medium,1298,1454,156,197700,114.9,93700.0,78.6,86.0,7.0,0,Medium,Delayed
PRJ-0207,Product,7,Low,828,1094,266,114000,76.9,38350.0,71.6,82.6,9.0,0,High,Delayed
PRJ-0208,R&D,13,Medium,1340,1465,125,222200,109.2,,78.2,86.8,7.0,0,Medium,Delayed
PRJ-0209,Product,5,Medium,1054,1256,202,134800,133.7,57750.0,76.8,90.1,,0,Medium,Delayed
PRJ-0210,Infrastructure,14,High,1422,1488,66,235000,107.0,114320.0,96.0,66.0,7.0,0,Medium,Delayed
PRJ-0211,R&D,8,Medium,1093,1310,217,167200,82.4,77840.0,81.3,,,0,Medium,On-time
PRJ-0212,R&D,6,Medium,989,1079,90,165900,106.1,59320.0,54.6,64.3,8.0,0,Medium,Delayed
PRJ-0213,Product,16,Low,1121,1416,295,167300,89.2,84780.0,76.9,47.0,9.0,0,High,Delayed
PRJ-0214,Automation,13,Medium,966,1028,62,100800,116.8,47450.0,86.0,70.6,5.0,0,Medium,Delayed
PRJ-0215,Automation,9,High,752,762,10,77800,82.2,32030.0,88.2,96.7,4.0,0,Low,On-time
PRJ-0216,Automation,19,Medium,1068,1218,150,99900,99.6,44510.0,73.9,80.3,4.0,0,Medium,Delayed
PRJ-0217,Product,10,Medium,1126,1516,390,124900,93.8,55600.0,84.4,92.6,12.0,0,High,Delayed
PRJ-0218,Product,12,High,1006,1212,206,96400,90.6,,87.3,80.5,7.0,0,Medium,Delayed
PRJ-0219,Process Improvement,13,High,1031,1071,40,102900,117.3,55090.0,,100.0,5.0,0,Medium,On-time
PRJ-0220,Infrastructure,9,Medium,1076,1400,324,205200,109.0,82500.0,64.7,68.9,14.0,0,High,Delayed
PRJ-0221,Infrastructure,14,Medium,1454,1629,175,264700,94.4,117500.0,70.1,71.9,8.0,0,Medium,Delayed
PRJ-0222,Infrastructure,9,Medium,1108,1161,53,125700,83.5,50670.0,69.1,58.6,5.0,0,Medium,On-time
PRJ-0223,R&D,10,Medium,1316,1461,145,236400,,116460.0,67.9,84.1,9.0,0,Medium,On-time
PRJ-0224,Process Improvement,19,Medium,878,924,46,95900,,41200.0,69.3,65.2,1.0,1,Low,On-time
PRJ-0225,Product,7,Low,743,917,174,91400,106.9,27170.0,45.0,60.6,7.0,0,High,Delayed
PRJ-0226,Process Improvement,3,High,460,321,-139,42000,108.4,37490.0,,,3.0,0,Low,On-time
PRJ-0227,Product,20,High,1419,1571,152,130900,90.5,73360.0,86.5,,7.0,0,Medium,On-time
PRJ-0228,R&D,25,High,1730,2284,554,291500,126.6,152140.0,80.9,86.4,14.0,0,High,Delayed
PRJ-0229,R&D,10,High,1046,1318,272,142400,91.0,77820.0,96.0,71.7,10.0,0,High,Delayed
PRJ-0230,Product,3,Medium,542,573,31,73700,98.0,22390.0,68.7,71.8,7.0,0,Medium,On-time
PRJ-0231,Product,10,Medium,779,796,17,78700,87.1,43460.0,85.7,70.9,8.0,0,Medium,Delayed
PRJ-0232,Infrastructure,11,Medium,923,1126,203,149700,122.3,,76.0,,6.0,1,High,Delayed
PRJ-0233,Process Improvement,11,Medium,698,554,-144,72500,127.1,31300.0,81.7,94.2,3.0,0,Low,On-time
PRJ-0234,R&D,6,Medium,1195,1499,304,170800,78.4,81440.0,,75.2,9.0,0,Medium,Delayed
PRJ-0235,Process Improvement,15,Low,823,1012,189,61400,103.2,34780.0,85.5,89.7,10.0,0,High,Delayed
PRJ-0236,Automation,15,Medium,704,977,273,54300,120.8,32340.0,76.4,81.6,9.0,0,High,Delayed
PRJ-0237,Infrastructure,5,Medium,902,919,17,129900,87.2,56660.0,,65.2,5.0,1,Medium,Delayed
PRJ-0238,Automation,15,Low,955,1210,255,99400,113.2,44480.0,75.5,78.3,7.0,0,High,Delayed
PRJ-0239,Product,22,Medium,1622,1809,187,164300,117.5,89950.0,77.1,93.7,6.0,0,Medium,Delayed
PRJ-0240,Product,13,Medium,880,959,79,124100,101.5,66660.0,78.6,97.2,6.0,0,Medium,Delayed
PRJ-0241,Automation,10,Low,753,832,79,80000,121.0,40340.0,91.1,76.6,,1,High,Delayed
PRJ-0242,Automation,11,High,1040,1119,79,99400,119.4,56450.0,74.7,81.9,3.0,0,Medium,On-time
PRJ-0243,Product,15,High,1179,1245,66,142700,121.1,77160.0,84.0,79.8,2.0,0,Medium,Delayed
PRJ-0244,R&D,3,Low,1023,1510,487,192400,110.7,80180.0,,69.7,14.0,0,High,Delayed
PRJ-0245,R&D,13,Low,1319,1835,516,233000,104.1,,82.0,82.9,14.0,0,High,Delayed
PRJ-0246,Automation,10,,840,860,20,93900,85.7,42090.0,72.9,80.0,4.0,0,Low,On-time
PRJ-0247,R&D,21,High,1678,1816,138,297100,112.9,,59.6,83.1,8.0,0,Medium,On-time
PRJ-0248,Infrastructure,11,High,1038,1001,-37,128600,77.3,60350.0,82.6,80.6,5.0,0,Low,Delayed
PRJ-0249,Infrastructure,20,Low,1555,1955,400,234400,100.9,,52.6,65.3,6.0,0,High,Delayed
PRJ-0250,Infrastructure,6,Medium,795,1085,290,121900,120.6,52310.0,85.1,55.7,18.0,1,High,Delayed
PRJ-0251,R&D,15,Low,1414,1928,514,212900,101.9,102360.0,73.5,,11.0,0,High,On-time
PRJ-0252,Automation,14,Medium,961,1061,100,116700,101.6,58440.0,85.2,96.2,3.0,0,Medium,On-time
PRJ-0253,Infrastructure,8,High,956,1049,93,126600,132.4,,66.6,77.1,5.0,0,Medium,Delayed
PRJ-0254,Product,13,Low,1052,1169,117,149500,100.9,64600.0,55.1,71.4,4.0,0,Medium,Delayed
PRJ-0255,Product,18,Low,1155,1625,470,165100,110.8,83080.0,76.2,48.8,11.0,1,High,Delayed
PRJ-0256,Automation,10,Medium,671,764,93,43000,115.5,9930.0,,81.0,7.0,0,Medium,On-time
PRJ-0257,Automation,4,Medium,548,529,-19,73600,99.3,39380.0,64.3,93.6,1.0,0,Low,On-time
PRJ-0258,Product,12,High,888,1059,171,63600,119.4,28870.0,78.8,97.1,8.0,0,Medium,Delayed
PRJ-0259,Product,7,High,884,1005,121,105900,107.7,51370.0,96.0,75.6,6.0,1,High,Delayed
PRJ-0260,R&D,10,Low,1062,1489,427,198500,113.5,87360.0,77.1,64.9,20.0,0,High,Delayed
PRJ-0261,Product,12,Low,1105,1444,339,138900,83.0,62590.0,80.5,64.2,10.0,0,High,Delayed
PRJ-0262,Automation,3,High,413,404,-9,36700,70.2,25490.0,81.0,,1.0,0,Low,On-time
PRJ-0263,Infrastructure,4,,822,1175,353,103100,87.7,52720.0,80.0,65.0,16.0,0,High,Delayed
PRJ-0264,Product,14,High,1015,1154,139,154600,,76460.0,77.3,73.1,7.0,1,High,Delayed
PRJ-0265,Process Improvement,9,Medium,774,693,-81,49600,76.8,17610.0,51.7,78.9,1.0,0,Low,On-time
PRJ-0266,Product,3,Low,745,1026,281,115000,122.9,46130.0,62.7,73.8,7.0,0,High,Delayed
PRJ-0267,Product,16,High,1135,1408,273,148600,99.6,77970.0,88.5,74.1,8.0,0,High,Delayed
PRJ-0268,Product,13,Low,1115,1364,249,120900,100.1,49630.0,,,5.0,0,High,On-time
PRJ-0269,Product,8,Medium,627,696,69,75500,95.7,33710.0,69.8,88.5,5.0,1,Medium,On-time
PRJ-0270,Product,5,Medium,770,838,68,86100,109.1,29740.0,62.9,100.0,6.0,0,Medium,On-time
PRJ-0271,Product,16,Medium,1400,1794,394,208800,91.8,,91.4,56.3,9.0,0,High,Delayed
PRJ-0272,Product,14,Medium,1106,1233,127,162000,86.6,81050.0,82.7,58.1,6.0,0,Medium,Delayed
PRJ-0273,Product,24,Medium,1448,1625,177,141800,117.9,84330.0,87.7,60.9,,0,High,Delayed
PRJ-0274,R&D,14,High,1406,1682,276,214000,102.4,103020.0,85.4,78.0,6.0,0,Medium,Delayed
PRJ-0275,R&D,14,High,1447,1602,155,204100,,,,89.1,7.0,0,Medium,Delayed
PRJ-0276,Infrastructure,11,Medium,895,1144,249,160300,,66600.0,75.4,80.3,6.0,0,High,Delayed
PRJ-0277,Infrastructure,16,Low,1108,1282,174,132500,108.1,54250.0,60.5,68.1,10.0,0,High,Delayed
PRJ-0278,Infrastructure,15,Medium,1300,1445,145,241900,104.0,96150.0,53.9,81.1,4.0,0,Low,On-time
PRJ-0279,Automation,18,High,994,1254,260,112800,86.0,51380.0,83.1,70.9,6.0,0,Medium,Delayed
PRJ-0280,Automation,9,Medium,922,1021,99,86800,128.5,44810.0,75.4,71.1,5.0,0,High,On-time
PRJ-0281,Product,10,Medium,912,1041,129,108200,94.1,45060.0,84.9,,8.0,0,Medium,Delayed
PRJ-0282,Product,10,Medium,718,774,56,83400,124.9,35950.0,,51.8,9.0,0,High,Delayed
PRJ-0283,Product,16,Low,1008,1459,451,107600,109.0,64140.0,88.1,48.9,14.0,0,High,Delayed
PRJ-0284,Product,19,Medium,935,1003,68,125200,111.7,56210.0,68.2,59.7,6.0,0,Medium,On-time
PRJ-0285,R&D,10,Medium,1172,1375,203,154900,113.4,65060.0,,80.0,9.0,0,High,Delayed
PRJ-0286,Infrastructure,10,High,1077,1075,-2,108700,113.5,43950.0,81.6,82.1,6.0,0,Medium,On-time
PRJ-0287,Product,14,High,1039,1278,239,129300,86.5,74200.0,96.0,85.7,7.0,0,Medium,Delayed
PRJ-0288,Infrastructure,11,High,1264,1603,339,138300,116.1,75010.0,92.2,53.9,,0,High,Delayed
PRJ-0289,R&D,17,Medium,1589,2154,565,228400,140.6,125080.0,88.2,43.8,13.0,1,High,Delayed
PRJ-0290,Product,3,Medium,685,675,-10,78100,96.8,32550.0,64.7,81.2,6.0,0,Low,On-time
PRJ-0291,Automation,8,Medium,474,654,180,47000,99.1,19110.0,62.8,41.5,4.0,0,High,On-time
PRJ-0292,Product,8,High,954,1030,76,163700,96.3,71650.0,83.5,89.5,4.0,1,Medium,Delayed
PRJ-0293,Process Improvement,3,Medium,472,424,-48,42800,92.8,9720.0,57.6,53.7,3.0,0,Low,Delayed
PRJ-0294,Product,7,High,882,750,-132,120700,117.8,59050.0,72.6,92.5,2.0,0,Low,On-time
PRJ-0295,Automation,7,Low,813,950,137,68000,92.1,32150.0,65.9,56.9,8.0,0,High,Delayed
PRJ-0296,Process Improvement,11,High,545,467,-78,44200,83.3,17850.0,93.3,92.6,,0,Low,On-time
PRJ-0297,Process Improvement,18,Low,1171,1344,173,108800,,52300.0,70.1,100.0,7.0,0,High,Delayed
PRJ-0298,Automation,11,Low,720,885,165,69500,110.4,23140.0,45.0,44.3,3.0,0,High,Delayed
PRJ-0299,Automation,7,Medium,785,959,174,101700,,36400.0,76.0,75.9,13.0,0,High,Delayed
PRJ-0300,R&D,12,Low,1068,1403,335,141800,101.7,60850.0,63.0,44.3,10.0,0,High,Delayed
PRJ-0301,Automation,17,Low,933,1113,180,101800,109.8,46390.0,73.4,,10.0,0,High,On-time
PRJ-0302,Product,7,Low,1027,1303,276,123600,98.8,43290.0,66.1,63.5,10.0,0,High,Delayed
PRJ-0303,R&D,7,,1064,1413,349,176600,105.1,62240.0,68.3,72.4,9.0,0,High,Delayed
PRJ-0304,Infrastructure,15,Medium,1376,1592,216,186600,77.4,83340.0,83.7,60.7,8.0,0,Medium,Delayed
PRJ-0305,Automation,11,Low,863,971,108,94400,110.4,34240.0,54.1,81.8,,0,Medium,Delayed
PRJ-0306,Infrastructure,15,Medium,1262,1317,55,182600,104.9,,70.6,55.8,6.0,0,Medium,Delayed
PRJ-0307,Infrastructure,12,High,1334,1629,295,178100,98.4,80940.0,,,8.0,0,Medium,On-time
PRJ-0308,R&D,16,Low,1382,1770,388,240200,104.3,113500.0,66.3,59.5,12.0,0,High,Delayed
PRJ-0309,Product,7,Low,631,879,248,86300,94.6,30180.0,50.9,50.0,9.0,0,High,Delayed
PRJ-0310,Product,12,High,924,923,-1,120300,104.0,,84.7,100.0,2.0,0,Low,On-time
PRJ-0311,Infrastructure,11,High,1201,1334,133,168500,80.1,81680.0,88.6,79.2,5.0,0,Low,On-time
PRJ-0312,Infrastructure,6,,1007,1282,275,169100,,63540.0,70.0,92.1,11.0,0,High,Delayed
PRJ-0313,Product,4,High,552,532,-20,70300,123.7,24980.0,,96.3,3.0,0,Low,On-time
PRJ-0314,Infrastructure,15,Low,1188,1698,510,170000,132.4,74530.0,78.9,53.2,14.0,0,High,Delayed
PRJ-0315,Infrastructure,10,Medium,1030,1118,88,156900,80.2,64480.0,56.2,71.4,7.0,0,Low,Delayed
PRJ-0316,Infrastructure,7,Medium,951,1192,241,179000,100.9,69860.0,74.1,68.7,6.0,1,High,Delayed
PRJ-0317,Infrastructure,12,Low,1005,1305,300,120400,122.8,55970.0,61.1,77.5,11.0,1,High,Delayed
PRJ-0318,R&D,18,Medium,1405,1658,253,253900,101.2,116120.0,66.0,76.9,8.0,0,Medium,Delayed
PRJ-0319,Product,3,Medium,618,643,25,58400,79.9,28550.0,64.2,76.1,5.0,0,Low,On-time
PRJ-0320,Process Improvement,5,Medium,568,619,51,52800,104.0,13510.0,68.0,72.4,4.0,0,Medium,On-time
PRJ-0321,Process Improvement,7,Medium,642,569,-73,71400,95.8,23850.0,64.6,76.6,1.0,0,Low,On-time
PRJ-0322,Infrastructure,19,Medium,1398,1837,439,225100,140.6,120950.0,84.1,78.1,12.0,1,High,Delayed
PRJ-0323,Infrastructure,13,Low,1158,1633,475,178100,110.8,85310.0,66.1,60.4,17.0,0,High,Delayed
PRJ-0324,R&D,16,Low,1427,1854,427,211700,127.1,117230.0,82.2,58.9,13.0,0,High,Delayed
PRJ-0325,Automation,6,Medium,562,631,69,64400,,27030.0,73.2,66.4,6.0,0,Medium,Delayed
PRJ-0326,R&D,6,Low,922,1219,297,143700,95.4,65720.0,59.4,57.8,12.0,0,High,Delayed
PRJ-0327,Automation,14,Low,827,871,44,83200,,34020.0,62.5,55.6,2.0,0,Medium,Delayed
PRJ-0328,R&D,12,Low,1194,1358,164,185000,117.8,,53.5,61.8,4.0,0,High,Delayed
PRJ-0329,R&D,15,Low,1235,1365,130,206000,91.0,91540.0,74.7,87.2,6.0,0,Medium,Delayed
PRJ-0330,Product,11,High,1004,1411,407,117300,,55250.0,73.9,68.3,9.0,1,High,Delayed
PRJ-0331,Automation,13,Medium,993,1117,124,99500,77.5,23650.0,,84.9,2.0,0,Low,On-time
PRJ-0332,Product,13,High,865,955,90,90900,93.1,34310.0,73.2,51.1,4.0,0,Medium,On-time
PRJ-0333,R&D,16,Low,1413,1988,575,242300,128.6,,63.4,66.0,11.0,1,High,Delayed
PRJ-0334,Automation,16,Medium,984,969,-15,121400,95.2,56130.0,92.2,70.5,,0,Medium,On-time
PRJ-0335,Product,4,Medium,781,694,-87,106700,97.8,39120.0,,66.6,7.0,0,Low,On-time
PRJ-0336,R&D,3,Medium,953,997,44,176700,82.8,66080.0,,77.0,4.0,0,Low,On-time
PRJ-0337,Product,17,High,1021,1026,5,136500,89.2,70220.0,92.1,72.5,7.0,0,Medium,Delayed
PRJ-0338,Automation,18,High,929,1056,127,112100,123.8,55760.0,95.2,52.1,8.0,0,High,Delayed
PRJ-0339,Product,7,High,849,840,-9,117200,93.0,44360.0,67.6,95.1,0.0,0,Low,On-time
PRJ-0340,Process Improvement,3,Low,528,671,143,46900,88.6,10270.0,58.3,73.7,4.0,0,Medium,Delayed
PRJ-0341,Product,12,Low,754,847,93,91600,102.7,41530.0,76.2,63.0,9.0,0,High,Delayed
PRJ-0342,Process Improvement,17,Medium,936,978,42,112200,,48140.0,53.7,66.4,,0,Low,On-time
PRJ-0343,Automation,21,Medium,1328,1464,136,141100,84.4,64100.0,60.8,57.2,4.0,0,Low,On-time
PRJ-0344,R&D,15,Medium,1357,1632,275,197900,122.1,103700.0,73.0,73.5,9.0,0,High,Delayed
PRJ-0345,Automation,10,Medium,866,1032,166,105200,109.1,46340.0,88.3,84.2,,1,High,Delayed
PRJ-0346,Automation,8,Medium,646,808,162,76400,125.1,40340.0,67.2,77.2,4.0,0,High,Delayed
PRJ-0347,Process Improvement,12,High,706,742,36,50200,94.3,,79.0,64.2,4.0,0,Low,On-time
PRJ-0348,Product,11,Medium,790,1059,269,121800,101.7,,84.7,74.3,8.0,0,High,Delayed
PRJ-0349,R&D,7,Low,814,1087,273,130000,128.6,68310.0,88.1,56.2,14.0,1,High,Delayed
PRJ-0350,Product,22,Low,1483,1979,496,163100,77.7,89330.0,,71.2,9.0,1,High,Delayed
PRJ-0351,R&D,21,Medium,1467,1697,230,280000,105.1,143880.0,,78.9,8.0,0,Medium,Delayed
PRJ-0352,Product,18,Medium,1175,1520,345,169700,111.3,97860.0,95.8,28.2,10.0,1,High,Delayed
PRJ-0353,R&D,7,Low,929,1316,387,122000,138.6,46340.0,51.8,64.9,12.0,1,High,Delayed
PRJ-0354,R&D,16,Medium,1241,1621,380,254600,122.0,127890.0,86.7,54.0,15.0,0,High,Delayed
PRJ-0355,Infrastructure,15,Medium,1254,1378,124,206700,89.9,96360.0,65.6,51.3,12.0,0,High,Delayed
PRJ-0356,R&D,14,,1252,1145,-107,202500,115.7,110240.0,80.2,76.1,7.0,0,Medium,Delayed
PRJ-0357,Automation,18,Medium,1125,1272,147,158800,93.1,81450.0,,,2.0,0,Low,On-time
PRJ-0358,Automation,15,Medium,1029,1191,162,120100,,57560.0,,56.7,2.0,0,Medium,Delayed
PRJ-0359,Infrastructure,16,Low,1349,1866,517,201500,111.7,93790.0,62.6,73.7,11.0,0,High,Delayed
PRJ-0360,R&D,15,Medium,1404,1515,111,204900,95.8,90040.0,,84.0,4.0,0,Medium,On-time
PRJ-0361,Process Improvement,14,,979,1056,77,95800,124.6,50850.0,85.2,71.4,9.0,0,High,On-time
PRJ-0362,Product,3,Medium,577,597,20,81600,103.4,24390.0,,64.4,4.0,0,Medium,On-time
PRJ-0363,Product,12,Medium,1013,1067,54,134000,99.7,57280.0,74.7,64.6,2.0,0,Medium,Delayed
PRJ-0364,Product,9,Low,1051,1233,182,122300,120.6,,73.9,78.3,10.0,0,High,Delayed
PRJ-0365,R&D,6,Low,1212,1763,551,200200,,71650.0,56.7,45.5,13.0,0,High,Delayed
PRJ-0366,Infrastructure,20,Low,1279,1933,654,189800,124.4,95140.0,82.2,74.0,16.0,0,High,Delayed
PRJ-0367,Automation,21,High,1148,1290,142,104700,117.3,66210.0,91.6,,6.0,0,Medium,Delayed
PRJ-0368,R&D,19,Medium,1678,2025,347,211800,112.5,112870.0,96.0,68.8,10.0,0,High,Delayed
PRJ-0369,Infrastructure,13,Low,1266,1524,258,206000,110.3,87400.0,66.8,45.5,10.0,0,High,Delayed
PRJ-0370,Automation,19,High,1138,1410,272,79100,116.5,48210.0,77.6,75.8,8.0,0,High,Delayed
PRJ-0371,Automation,12,Medium,844,884,40,99200,,47610.0,81.7,83.8,2.0,0,Low,On-time
PRJ-0372,Product,13,Medium,1009,1128,119,123600,100.9,49970.0,82.8,57.2,6.0,0,High,Delayed
PRJ-0373,Infrastructure,7,High,1030,1161,131,184800,121.5,79450.0,69.6,85.2,6.0,0,Medium,Delayed
PRJ-0374,Infrastructure,14,Low,1210,1579,369,168100,134.3,72330.0,67.2,63.9,,0,High,Delayed
PRJ-0375,Product,12,,1015,1301,286,147200,107.9,77460.0,75.4,58.3,10.0,0,High,Delayed
PRJ-0376,Product,5,Medium,784,716,-68,97300,91.4,32500.0,61.5,85.9,3.0,0,Low,On-time
PRJ-0377,Process Improvement,12,Low,639,873,234,58500,,31970.0,65.9,42.0,7.0,0,High,Delayed
PRJ-0378,Infrastructure,12,Medium,1234,1423,189,205600,113.4,105440.0,74.9,75.8,8.0,0,High,Delayed
PRJ-0379,Infrastructure,21,Low,1835,2533,698,256200,116.0,133380.0,85.4,82.2,14.0,0,High,Delayed
PRJ-0380,Automation,16,Low,797,964,167,104400,102.6,46270.0,66.4,84.1,9.0,0,High,Delayed
PRJ-0381,R&D,12,Low,1309,1775,466,180400,122.4,72300.0,51.6,63.1,,1,High,On-time
PRJ-0382,Process Improvement,13,Medium,664,581,-83,62400,,19650.0,55.4,73.6,1.0,0,Low,On-time
PRJ-0383,Automation,12,,939,1253,314,121900,98.7,51030.0,,58.4,10.0,0,High,Delayed
PRJ-0384,Infrastructure,11,Low,1141,1326,185,188100,,72820.0,56.3,64.0,8.0,0,High,Delayed
PRJ-0385,Infrastructure,7,High,1086,1253,167,209700,110.9,87010.0,73.5,78.1,8.0,1,High,On-time
PRJ-0386,Process Improvement,11,Medium,826,833,7,65800,89.7,,61.5,68.3,0.0,0,Low,On-time
PRJ-0387,Automation,8,Medium,753,853,100,68100,113.1,27830.0,64.6,82.3,6.0,0,Medium,On-time
PRJ-0388,Process Improvement,6,Low,646,632,-14,49500,123.3,19480.0,58.7,94.0,7.0,0,Medium,Delayed
PRJ-0389,Product,15,Medium,844,859,15,122400,110.4,52930.0,71.4,75.7,2.0,0,Low,On-time
PRJ-0390,Automation,14,Low,1131,1635,504,138600,113.9,65300.0,84.4,42.3,12.0,1,High,Delayed
PRJ-0391,R&D,3,Medium,1000,1178,178,164500,119.0,65620.0,75.2,51.1,6.0,1,High,Delayed
PRJ-0392,Product,11,Low,1114,1263,149,122300,104.6,52890.0,69.6,79.3,5.0,0,Medium,Delayed
PRJ-0393,R&D,17,High,1299,1325,26,234600,76.5,112380.0,76.4,81.7,,0,Low,On-time
PRJ-0394,R&D,17,High,1345,1483,138,177900,107.7,89650.0,76.7,88.9,7.0,0,Medium,Delayed
PRJ-0395,Product,17,Low,1213,1482,269,188000,110.9,,76.3,,11.0,0,High,Delayed
PRJ-0396,Infrastructure,12,Low,1168,1652,484,250300,145.0,110240.0,75.8,69.6,18.0,0,High,Delayed
PRJ-0397,Automation,8,Low,764,980,216,91900,124.8,33420.0,58.5,67.3,6.0,0,High,Delayed
PRJ-0398,Product,7,Medium,975,959,-16,140000,107.7,52700.0,71.4,66.8,3.0,0,Medium,On-time
PRJ-0399,Infrastructure,14,Low,1028,1164,136,142800,107.0,67240.0,50.9,65.2,5.0,0,Medium,On-time
PRJ-0400,Infrastructure,14,High,1357,1243,-114,148300,95.2,72480.0,81.3,68.8,1.0,0,Low,Delayed
PRJ-0401,Infrastructure,18,Medium,1381,1705,324,188400,89.0,99800.0,85.2,94.7,9.0,0,Medium,On-time
PRJ-0402,Process Improvement,17,High,871,872,1,65500,69.5,29390.0,78.2,,2.0,0,Low,On-time
PRJ-0403,Automation,11,Medium,658,682,24,58700,89.1,29290.0,91.6,80.1,7.0,0,Medium,On-time
PRJ-0404,Product,6,High,870,886,16,144500,93.1,48860.0,65.6,76.0,2.0,0,Low,On-time
PRJ-0405,Process Improvement,10,Low,360,363,3,33700,78.5,13490.0,71.0,53.4,10.0,0,High,Delayed
PRJ-0406,Automation,13,Medium,983,1090,107,118400,100.8,48440.0,74.2,64.4,6.0,1,High,Delayed
PRJ-0407,Product,11,Medium,806,899,93,101500,103.2,43180.0,72.4,80.8,13.0,0,High,Delayed
PRJ-0408,Automation,9,High,771,678,-93,85600,89.9,20960.0,75.1,77.0,,0,Low,On-time
PRJ-0409,Product,13,Medium,1041,1399,358,157300,95.6,65830.0,75.7,58.8,11.0,0,High,Delayed
PRJ-0410,Process Improvement,9,High,755,749,-6,67600,97.0,41160.0,84.7,78.3,2.0,1,Low,On-time
PRJ-0411,R&D,9,,1144,1591,447,200100,136.6,97440.0,82.0,68.0,,0,High,Delayed
PRJ-0412,R&D,14,,1257,1278,21,197600,105.8,103740.0,,99.7,5.0,0,Low,On-time
PRJ-0413,Product,10,Medium,889,1074,185,111300,93.5,60550.0,81.0,76.6,7.0,0,Medium,Delayed
PRJ-0414,Automation,13,Medium,1058,1061,3,95200,97.6,46340.0,67.6,82.5,4.0,0,Low,On-time
PRJ-0415,Product,13,High,1119,1156,37,103900,94.3,48680.0,86.3,90.2,3.0,0,Low,Delayed
PRJ-0416,Product,6,Medium,764,890,126,96900,90.5,30510.0,62.8,58.6,7.0,0,Medium,Delayed
PRJ-0417,Product,10,Medium,922,1253,331,122700,,65260.0,83.7,60.8,7.0,0,High,Delayed
PRJ-0418,Automation,19,Medium,927,1202,275,85300,119.0,48360.0,96.0,56.2,11.0,0,High,Delayed
PRJ-0419,Product,6,Low,857,1085,228,112500,,60270.0,65.2,48.4,12.0,0,High,Delayed
PRJ-0420,Process Improvement,3,Medium,194,257,63,25000,,8000.0,46.7,85.9,2.0,0,Low,On-time
